{
  "ConsoleBackground" : {
    "Red" : 1,
    "Green" : 0.9999743700027466,
    "Blue" : 0.9999912977218628
  },
  "CodeBackground" : {
    "Red" : 1,
    "Green" : 1,
    "Blue" : 1
  },
  "Comments2" : {
    "Green" : 0.5215686559677124,
    "Blue" : 0,
    "FontSize" : 13,
    "Red" : 0.1607843190431595,
    "FontName" : "Monaco"
  },
  "Identifiers" : {
    "Green" : 0,
    "Blue" : 0,
    "FontSize" : 13,
    "Red" : 0,
    "FontName" : "Monaco"
  },
  "Identifiers2" : {
    "Green" : 0,
    "Blue" : 0,
    "FontSize" : 13,
    "Red" : 0,
    "FontName" : "Monaco"
  },
  "ConsoleText" : {
    "Green" : 0,
    "Blue" : 0,
    "FontSize" : 13,
    "Red" : 0,
    "FontName" : "Monaco"
  },
  "Tags" : {
    "Green" : 0.1725490242242813,
    "Blue" : 0.6392157077789307,
    "FontSize" : 13,
    "Red" : 0.729411780834198,
    "FontName" : "Monaco"
  },
  "Preprocessor" : {
    "Green" : 0.1725490242242813,
    "Blue" : 0.6392157077789307,
    "FontSize" : 13,
    "Red" : 0.729411780834198,
    "FontName" : "Monaco"
  },
  "UserIdentifiers" : {
    "Green" : 0.1725490242242813,
    "Blue" : 0.6392157077789307,
    "FontSize" : 13,
    "Red" : 0.729411780834198,
    "FontName" : "Monaco"
  },
  "OutputBackground" : {
    "Red" : 1,
    "Green" : 0.9999743700027466,
    "Blue" : 0.9999912977218628
  },
  "Strings" : {
    "Green" : 0.1803921610116959,
    "Blue" : 0.1098039224743843,
    "FontSize" : 13,
    "Red" : 0.8196078538894653,
    "FontName" : "Monaco"
  },
  "Comments" : {
    "Green" : 0.5215686559677124,
    "Blue" : 0,
    "FontSize" : 13,
    "Red" : 0.1607843190431595,
    "FontName" : "Monaco"
  },
  "ConsoleTimestamp" : {
    "Green" : 0.2897137403488159,
    "Blue" : 0.2897137403488159,
    "FontSize" : 13,
    "Red" : 0.2897137403488159,
    "FontName" : "Monaco"
  }
}